taxon_name,firstapp_max_ma,lastapp_min_ma
Chilesaurus_diegosuarezi,86.1,79
Eocursor_parvus,135.3,124.80000000000001
Wannanosaurus_yansiensis,4.599999999999994,0
Colepiocephale_lambei,17.5,4.599999999999994
Foraminacephale_brevis,17.599999999999994,4.599999999999994
Gravitholus_albertae,17.5,4.599999999999994
Alaskacephale_gangloffi,4.599999999999994,0
Amtocephale_gobiensis,34.5,17.599999999999994
Hanssuesia_sternbergi,17.599999999999994,6.099999999999994
Tylocephale_gilmorei,17.5,4.599999999999994
Acrotholus_audeti,19.799999999999997,17.5
Tianyulong_confuciusi,101.69999999999999,84.80000000000001
Goyocephale_lattimorei,20.299999999999997,0
Sphaerotholus_goodwini,17.5,4.599999999999994
Sphaerotholus_buchholtzae,6.099999999999994,0
Sphaerotholus_edmontonense,17.5,0
Prenocephale_prenes,6.099999999999994,0
Stegoceras_validum,17.599999999999994,4.599999999999994
Stegoceras_novomexicanum,17.5,4.599999999999994
Homalocephale_calathocercos,6.099999999999994,0
Pachycephalosaurus_wyomingensis,17.5,0
Serendipaceratops_arthurcclarkei,56.459999999999994,46.03
Albalophosaurus_yamaguchiorum,63.400000000000006,59
Micropachycephalosaurus_hongtuyanensis,23.799999999999997,17.599999999999994
Psittacosaurus_amitabha,66.9,59
Psittacosaurus_xinjiangensis,73.80000000000001,34.5
Psittacosaurus_gobiensis,59,47
Psittacosaurus_lujiatunensis,64,56.459999999999994
Psittacosaurus_sinensis,59,47
Psittacosaurus_neimongoliensis,79,34.5
Psittacosaurus_sibiricus,63.400000000000006,47
Psittacosaurus_meileyingensis,59,47
Psittacosaurus_mongoliensis,79,34.5
Liaoceratops_yanzigouensis,64,59.45
Asiaceratops_salsopaludalis,33.599999999999994,27.5
Beg_tse,39.3,27.900000000000006
Archaeoceratops_oshimai,46.03,43
Archaeoceratops_yujingziensis,59,47
Aquilops_americanus,43,33.599999999999994
Auroraceratops_rugosus,46.03,43
Yamaceratops_dorngobiensis,20.299999999999997,6.099999999999994
Yinlong_downsi,97.5,91.30000000000001
Stenopelix_valdensis,79,74.19999999999999
Xuanhuaceratops_niei,97.5,79
Hualianceratops_wucaiwanensis,97.5,91.30000000000001
Chaoyangsaurus_youngi,84.80000000000001,66.9
Graciliceratops_mongoliensis,34.5,17.599999999999994
Magnirostris_dodsoni,17.599999999999994,6.099999999999994
Protoceratops_hellenikorhinus,17.599999999999994,6.099999999999994
Protoceratops_andrewsi,19.799999999999997,4.599999999999994
Bagaceratops_rozhdestvenskyi,17.5,4.599999999999994
Gryphoceratops_morrisoni,19.799999999999997,17.5
Montanoceratops_cerorhynchus,17.5,0
Cerasinops_hodgskissi,17.599999999999994,6.099999999999994
Zhuchengceratops_inexpectus,17.599999999999994,6.099999999999994
Unescoceratops_koppelhusae,17.5,4.599999999999994
Udanoceratops_tschizhovi,17.5,4.599999999999994
Prenoceratops_pieganensis,17.599999999999994,6.099999999999994
Ferrisaurus_sustutensis,6.099999999999994,0
Ischioceratops_zhuchengensis,17.599999999999994,6.099999999999994
Helioceratops_brachygnathus,59,34.5
Koreaceratops_hwaseongensis,47,34.5
Leptoceratops_gracilis,4.599999999999994,0
Monoclonius_crassus,17.5,4.599999999999994
Albertaceratops_nesmoi,17.5,4.599999999999994
Yehuecauhceratops_mudei,17.5,4.599999999999994
Avaceratops_lammersi,17.5,4.599999999999994
Crittendenceratops_krzyzanowskii,17.5,4.599999999999994
Nasutoceratops_titusi,17.5,4.599999999999994
Machairoceratops_cronusi,17.5,4.599999999999994
Stellasaurus_ancellae,17.5,4.599999999999994
Menefeeceratops_sealeyi,17.5,4.599999999999994
Centrosaurus_apertus,17.599999999999994,4.599999999999994
Spinops_sternbergorum,17.5,4.599999999999994
Styracosaurus_albertensis,17.5,4.599999999999994
Coronosaurus_brinkmani,17.599999999999994,4.599999999999994
Rubeosaurus_ovatus,17.599999999999994,6.099999999999994
Einiosaurus_procurvicornis,17.599999999999994,6.099999999999994
Achelousaurus_horneri,17.599999999999994,4.599999999999994
Pachyrhinosaurus_canadensis,17.5,0
Pachyrhinosaurus_perotorum,4.599999999999994,0
Pachyrhinosaurus_lakustai,17.5,4.599999999999994
Diabloceratops_eatoni,17.5,4.599999999999994
Xenoceratops_foremostensis,17.5,4.599999999999994
Wendiceratops_pinhornensis,17.5,4.599999999999994
Sinoceratops_zhuchengensis,17.599999999999994,6.099999999999994
Terminocavus_sealeyi,17.5,4.599999999999994
Judiceratops_tigris,17.5,4.599999999999994
Pentaceratops_sternbergii,17.5,0
Arrhinoceratops_brachyops,17.5,0
Bisticeratops_froeseorum,17.5,4.599999999999994
Utahceratops_gettyi,17.5,4.599999999999994
Titanoceratops_ouranos,17.5,4.599999999999994
Regaliceratops_peterhewsi,4.599999999999994,0
Ojoceratops_fowleri,4.599999999999994,0
Triceratops_prorsus,6.099999999999994,0
Tatankaceratops_sacrisonorum,4.599999999999994,0
Triceratops_horridus,17.5,0
Torosaurus_utahensis,4.599999999999994,0
Torosaurus_latus,6.099999999999994,0
Eotriceratops_xerinsularis,4.599999999999994,0
Medusaceratops_lokii,17.5,4.599999999999994
Sierraceratops_turneri,17.5,0
Bravoceratops_polyphemus,6.099999999999994,0
Spiclypeus_shipporum,17.5,4.599999999999994
Anchiceratops_ornatus,17.5,0
Vagaceratops_irvinensis,17.5,4.599999999999994
Agujaceratops_mariscalensis,17.5,4.599999999999994
Chasmosaurus_belli,17.5,4.599999999999994
Chasmosaurus_russelli,17.5,4.599999999999994
Navajoceratops_sullivani,17.5,4.599999999999994
Kosmoceratops_richardsoni,17.5,4.599999999999994
Coahuilaceratops_magnacuerna,17.5,4.599999999999994
Zuniceratops_christopheri,27.5,23.299999999999997
Ajkaceratops_kozmai,20.299999999999997,17.599999999999994
Turanoceratops_tardabilis,27.5,23.299999999999997
Platyceratops_tatarinovi,17.5,4.599999999999994
Lamaceratops_tereschenkoi,17.5,4.599999999999994
Gobiceratops_minutus,17.5,4.599999999999994
Mosaiceratops_azumai,27.5,4.599999999999994
Notoceratops_bonarelli,6.099999999999994,0
Changmiania_liaoningensis,59.45,56.459999999999994
Jeholosaurus_shangyuanensis,64,59.45
Nanosaurus_agilis,95.19999999999999,79
Albertadromeus_syntarsus,17.599999999999994,6.099999999999994
Koreanosaurus_boseongensis,17.599999999999994,6.099999999999994
Oryctodromeus_cubicularis,39.3,33.599999999999994
Zephyrosaurus_schaffi,47,34.5
Orodromeus_makelai,17.599999999999994,0
Burianosaurus_augustai,33.599999999999994,27.5
Gideonmantellia_amosanjuanae,64,59.45
Qantassaurus_intrepidus,56.459999999999994,46.03
Rhabdodon_priscus,17.5,0
Rhabdodon_septimanicus,17.5,0
Pareisactus_evrostos,4.599999999999994,0
Zalmoxes_robustus,17.5,0
Zalmoxes_shqiperorum,4.599999999999994,0
Mochlodon_vorosi,20.299999999999997,17.599999999999994
Rhabdodon_suessi,17.5,0
Matheronodon_provincialis,17.5,4.599999999999994
Muttaburrasaurus_langdoni,39.3,33.599999999999994
Fostoria_dhimbangunmal,33.599999999999994,27.5
Draconyx_loureiroi,89.69999999999999,79
Camptosaurus_aphanoecetes,84.80000000000001,79
Camptosaurus_dispar,91.30000000000001,79
Iguanodon_galvensis,64,59.45
Iguanodon_major,70.4,59.45
Iguanodon_bernissartensis,84.80000000000001,34.5
Iguanodon_mantelli,79,43
Hypselospinus_fittoni,79,70.4
Ouranosaurus_nigeriensis,59,34.5
Altirhinus_kurzanovi,43,33.599999999999994
Bolong_yixianensis,64,56.459999999999994
Barilium_dawsoni,74.19999999999999,59.45
Mantellisaurus_atherfieldensis,79,56.459999999999994
Jinzhousaurus_yangi,64,59.45
Bayannurosaurus_perfectus,59.45,56.459999999999994
Owenodon_hoggii,86.1,74.19999999999999
Eousdryosaurus_nanohallucis,89.69999999999999,79
Dakotadon_lakotaensis,73.80000000000001,66.9
Proa_valdearinnoensis,46.03,43
Brighstoneus_simmondsi,64,59.45
Tethyshadros_insularis,17.5,4.599999999999994
Ratchasimasaurus_suranareae,59,47
Probactrosaurus_gobiensis,63.400000000000006,34.5
Batyrosaurus_rozhdestvenskyi,20.299999999999997,4.599999999999994
Zhanghenglong_yangchengensis,20.299999999999997,17.599999999999994
Datonglong_tianzhenensis,34.5,6.099999999999994
Penelopognathus_weishampeli,59,47
Fukuisaurus_tetoriensis,59,47
Sirindhorna_khoratensis,59,34.5
Huehuecanauhtlus_tiquichensis,20.299999999999997,17.599999999999994
Morelladon_beltrani,64,59.45
Zuoyunlong_huangi,34.5,17.599999999999994
Yunganglong_datongensis,34.5,17.599999999999994
Shuangmiaosaurus_gilmorei,39.3,33.599999999999994
Claosaurus_agilis,23.299999999999997,4.599999999999994
Cedrorestes_crichtoni,73.80000000000001,66.9
Koshisaurus_katsuyama,59,47
Gobihadros_mongoliensis,34.5,17.599999999999994
Jeyawati_rugoculus,27.5,23.299999999999997
Gilmoreosaurus_mongoliensis,17.5,4.599999999999994
Telmatosaurus_transsylvanicus,17.5,0
Equijubus_normani,46.03,43
Xuwulong_yueluni,59,47
Portellsaurus_sosbaynati,64,59.45
Levnesovia_transoxiana,27.5,23.299999999999997
Nanyangosaurus_zhugeii,27.5,4.599999999999994
Gongpoquansaurus_mazongshanensis,46.03,43
Plesiohadros_djadokhtaensis,19.799999999999997,4.599999999999994
Fylax_thyrakolasus,4.599999999999994,0
Jintasaurus_meniscus,59,47
Protohadros_byrdi,33.599999999999994,27.5
Eolambia_caroljonesa,59,27.5
Tanius_sinensis,23.799999999999997,6.099999999999994
Tanius_chingkankouensis,17.599999999999994,6.099999999999994
Nanningosaurus_dashiensis,34.5,0
Bactrosaurus_johnsoni,34.5,0
Laiyangosaurus_youngi,17.599999999999994,6.099999999999994
Barsboldia_sicinskii,6.099999999999994,0
Rhinorex_condrupus,17.5,4.599999999999994
Eotrachodon_orientalis,19.799999999999997,17.5
Lapampasaurus_cholinoi,17.5,0
Aquilarhinus_palimentus,17.5,4.599999999999994
Yamatosaurus_izanagii,4.599999999999994,0
Kazaklambia_convincens,23.799999999999997,17.599999999999994
Adelolophus_hutchisoni,17.5,4.599999999999994
Tsintaosaurus_spinorhinus,17.599999999999994,6.099999999999994
Magnapaulia_laticaudus,17.5,4.599999999999994
Olorotitan_arharensis,4.599999999999994,0
Nipponosaurus_sachalinensis,19.799999999999997,4.599999999999994
Arenysaurus_ardevoli,4.599999999999994,0
Adynomosaurus_arcanus,4.599999999999994,0
Pararhabdodon_isonensis,4.599999999999994,0
Canardia_garonnensis,4.599999999999994,0
Ajnabia_odysseus,4.599999999999994,0
Blasisaurus_canudoi,4.599999999999994,0
Charonosaurus_jiayinensis,6.099999999999994,0
Parasaurolophus_cyrtocristatus,17.5,4.599999999999994
Parasaurolophus_walkeri,17.5,4.599999999999994
Parasaurolophus_tubicen,17.5,4.599999999999994
Tlatolophus_galorum,17.5,4.599999999999994
Angulomastacator_daviesi,17.5,4.599999999999994
Amurosaurus_riabinini,6.099999999999994,0
Aralosaurus_tuberiferus,20.299999999999997,4.599999999999994
Jaxartosaurus_aralensis,23.799999999999997,17.599999999999994
Latirhinus_uitstlani,17.5,4.599999999999994
Hypacrosaurus_altispinus,17.599999999999994,0
Hypacrosaurus_stebingeri,17.599999999999994,4.599999999999994
Corythosaurus_intermedius,17.5,4.599999999999994
Corythosaurus_casuarius,17.599999999999994,4.599999999999994
Lambeosaurus_clavinitialis,17.599999999999994,4.599999999999994
Lambeosaurus_lambei,17.599999999999994,4.599999999999994
Lambeosaurus_magnicristatus,17.5,4.599999999999994
Velafrons_coahuilensis,17.5,4.599999999999994
Kamuysaurus_japonicus,4.599999999999994,0
Acristavus_gagslarsoni,17.5,4.599999999999994
Wulagasaurus_dongi,6.099999999999994,0
Maiasaura_peeblesorum,17.599999999999994,6.099999999999994
Brachylophosaurus_canadensis,17.599999999999994,4.599999999999994
Probrachylophosaurus_bergei,17.5,4.599999999999994
Ornatops_incantatus,17.5,4.599999999999994
Hadrosaurus_foulkii,17.599999999999994,4.599999999999994
Secernosaurus_koerneri,17.599999999999994,0
Kritosaurus_navajovius,17.5,4.599999999999994
Kelumapusaura_machi,17.5,0
Naashoibitosaurus_ostromi,17.5,4.599999999999994
Huallasaurus_australis,17.5,0
Gryposaurus_latidens,19.799999999999997,4.599999999999994
Gryposaurus_notabilis,17.5,4.599999999999994
Gryposaurus_monumentensis,17.5,4.599999999999994
Gryposaurus_alsatei,4.599999999999994,0
Saurolophus_angustirostris,6.099999999999994,0
Saurolophus_osborni,17.5,0
Augustynolophus_morrisi,4.599999999999994,0
Bonapartesaurus_rionegrensis,17.5,0
Lophorhothon_atopus,17.5,4.599999999999994
Prosaurolophus_maximus,17.599999999999994,0
Mandschurosaurus_amurensis,6.099999999999994,0
Ugrunaaluk_kuukpikensis,4.599999999999994,0
Kerberosaurus_manakini,4.599999999999994,0
Shantungosaurus_giganteus,17.599999999999994,0
Edmontosaurus_regalis,17.5,0
Edmontosaurus_annectens,17.599999999999994,0
Anasazisaurus_horneri,17.5,4.599999999999994
Siamodon_nimngami,59,34.5
Magnamanus_soriaensis,70.4,59.45
Theiophytalia_kerri,59,34.5
Cumnoria_prestwichii,89.69999999999999,84.80000000000001
Delapparentia_turolensis,64,59.45
Hippodraco_scutodens,73.80000000000001,66.9
Riabininohadros_weberae,4.599999999999994,0
Iguanacolossus_fortis,79,66.9
Lanzhousaurus_magnidens,64,47
Elrhazosaurus_nigeriensis,59,47
Valdosaurus_canaliculatus,79,59
Callovosaurus_leedsi,98.69999999999999,95.19999999999999
Dysalotosaurus_lettowvorbecki,89.69999999999999,84.80000000000001
Dryosaurus_altus,91.30000000000001,79
Dryosaurus_elderae,84.80000000000001,79
Fulgurotherium_australe,33.599999999999994,27.5
Sektensaurus_sanjuanboscoi,17.599999999999994,0
Yueosaurus_tiantaiensis,47,27.900000000000006
Planicoxa_venenica,59,47
Diluvicursor_pickeringi,56.459999999999994,43
Atlascopcosaurus_loadsi,56.459999999999994,43
Macrogryphosaurus_gondwanicus,23.299999999999997,19.799999999999997
Mahuidacursor_lipanglef,20.299999999999997,17.599999999999994
Trinisaura_santamartaensis,17.5,4.599999999999994
Leaellynasaura_amicagraphica,56.459999999999994,43
Galleonosaurus_dorisae,56.459999999999994,43
Isasicursor_santacrucensis,17.5,0
Anabisetia_saldiviai,27.5,23.299999999999997
Morrosaurus_antarcticus,4.599999999999994,0
Talenkauen_santacrucensis,17.599999999999994,0
Kangnasaurus_coetzeei,34.5,0
Osmakasaurus_depressus,91.30000000000001,59
Tenontosaurus_dossi,56.459999999999994,46.03
Tenontosaurus_tilletti,59,27.5
Craspedodon_lonzeensis,23.799999999999997,17.599999999999994
Lurdusaurus_arenatus,47,34.5
Iyuku_raathi,73.80000000000001,66.9
Convolosaurus_marri,56.459999999999994,46.03
Kulindadromeus_zabaikalicus,101.69999999999999,79
Hypsilophodon_foxii,64,59
Parksosaurus_warreni,4.599999999999994,0
Gasparinisaura_cincosaltensis,17.5,4.599999999999994
Daurosaurus_olovus,101.69999999999999,79
Thescelosaurus_neglectus,17.5,0
Thescelosaurus_garbanii,4.599999999999994,0
Thescelosaurus_edmontonensis,4.599999999999994,0
Thescelosaurus_assiniboiensis,4.599999999999994,0
Changchunsaurus_parvus,59,34.5
Weewarrasaurus_pobeni,33.599999999999994,27.5
Yuxisaurus_kopchicki,124.80000000000001,116.69999999999999
Stegouros_elengassen,17.5,0
Spicomellus_afer,101.69999999999999,97.5
Shamosaurus_scutatus,59,34.5
Bissektipelta_archibaldi,27.5,23.299999999999997
Ahshislepelta_minor,17.5,4.599999999999994
Cedarpelta_bilbeyhallorum,59,34.5
Aletopelta_coombsi,17.5,4.599999999999994
Oohkotokia_horneri,17.599999999999994,4.599999999999994
Zaraapelta_nomadis,34.5,17.599999999999994
Talarurus_plicatospineus,34.5,17.599999999999994
Tarchia_tumanovae,6.099999999999994,0
Tarchia_kielanae,17.5,4.599999999999994
Tarchia_teresae,6.099999999999994,0
Tsagantegia_longicranialis,34.5,17.599999999999994
Jinyunpelta_sinensis,47,34.5
Crichtonpelta_benxiensis,39.3,23.799999999999997
Anodontosaurus_lambei,17.5,0
Anodontosaurus_inceptus,17.5,0
Euoplocephalus_tutus,17.5,4.599999999999994
Scolosaurus_thronus,17.5,4.599999999999994
Scolosaurus_cutleri,17.5,4.599999999999994
Platypelta_coombsi,17.599999999999994,4.599999999999994
Dyoplosaurus_acutosquameus,17.5,4.599999999999994
Saichania_chulsanensis,34.5,4.599999999999994
Zuul_crurivastator,17.5,4.599999999999994
Ziapelta_sanjuanensis,17.5,4.599999999999994
Akainacephalus_johnsoni,17.5,4.599999999999994
Ankylosaurus_magniventris,4.599999999999994,0
Pinacosaurus_mephistocephalus,17.599999999999994,6.099999999999994
Pinacosaurus_grangeri,34.5,0
Nodocephalosaurus_kirtlandensis,17.5,4.599999999999994
Liaoningosaurus_paradoxus,64,56.459999999999994
Gobisaurus_domoculus,59,23.799999999999997
Chuanqilong_chaoyangensis,59,47
Dracopelta_zbyszewskii,84.80000000000001,79
Sinankylosaurus_zhuchengensis,17.599999999999994,6.099999999999994
Borealopelta_markmitchelli,59,47
Stegopelta_landerensis,33.599999999999994,27.5
Gastonia_burgei,73.80000000000001,66.9
Gastonia_lorriemcwhinneyae,59,34.5
Peloroplites_cedrimontanus,59,34.5
Anoplosaurus_curtonotus,33.599999999999994,27.5
Silvisaurus_condrayi,39.3,33.599999999999994
Hoplitosaurus_marshi,63.400000000000006,59
Gargoyleosaurus_parkpinorum,89.69999999999999,79
Polacanthus_foxii,79,33.599999999999994
Polacanthus_rudgwickensis,63.400000000000006,59
Propanoplosaurus_marylandicus,56.459999999999994,46.03
Europelta_carbonensis,46.03,43
Panoplosaurus_rugosidens,17.599999999999994,0
Panoplosaurus_mirus,17.5,4.599999999999994
Edmontonia_longiceps,17.5,0
Acantholipan_gonzalezi,17.599999999999994,6.099999999999994
Hungarosaurus_tormai,20.299999999999997,17.599999999999994
Dongyangopelta_yangyanensis,47,27.900000000000006
Glyptodontopelta_mimus,17.5,0
Niobrarasaurus_coleii,23.299999999999997,17.5
Texasetes_pleurohalio,39.3,33.599999999999994
Taohelong_jinchengensis,63.400000000000006,47
Pawpawsaurus_campbelli,39.3,33.599999999999994
Hylaeosaurus_armatus,74.19999999999999,43
Tatankacephalus_cooneyorum,47,34.5
Struthiosaurus_austriacus,17.5,0
Struthiosaurus_languedocensis,17.5,4.599999999999994
Struthiosaurus_transylvanicus,4.599999999999994,0
Sauropelta_edwardsorum,59,27.5
Nodosaurus_textilis,33.599999999999994,27.5
Animantarx_ramaljonesi,59,34.5
Sauroplites_scutiger,59,47
Invictarx_zephyri,17.5,4.599999999999994
Mymoorapelta_maysi,91.30000000000001,79
Kunbarrasaurus_ieversi,39.3,33.599999999999994
Sarcolestes_leedsi,98.69999999999999,95.19999999999999
Scutellosaurus_lawleri,135.3,116.69999999999999
Scelidosaurus_harrisonii,133.3,123.6
Emausaurus_ernsti,116.69999999999999,108.1
Bashanosaurus_primitivus,102.30000000000001,97.5
Adratiklit_boulahfa,101.69999999999999,97.5
Tuojiangosaurus_multispinus,102.30000000000001,97.5
Isaberrysaura_mollensis,105.6,102.4
Paranthodon_africanus,79,70.4
Huayangosaurus_taibaii,104.30000000000001,91.30000000000001
Changdusaurus_laminaplacodus,108.1,97.5
Loricatosaurus_priscus,98.69999999999999,95.19999999999999
Dacentrurus_armatus,91.30000000000001,79
Miragaia_longispinus,91.30000000000001,79
Miragaia_longicollum,89.69999999999999,79
Mongolostegus_exspectabilis,59,34.5
Hesperosaurus_mjosi,95.19999999999999,79
Jiangjunosaurus_junggarensis,97.5,91.30000000000001
Chungkingosaurus_jiangbeiensis,102.30000000000001,97.5
Gigantspinosaurus_sichuanensis,102.30000000000001,97.5
Lexovisaurus_phillipsi,97.5,91.30000000000001
Yingshanosaurus_jichuanensis,102.30000000000001,97.5
Diracodon_laticeps,91.30000000000001,79
Wuerhosaurus_homheni,73.80000000000001,34.5
Stegosaurus_stenops,91.30000000000001,79
Stegosaurus_sulcatus,91.30000000000001,79
Stegosaurus_duplex,91.30000000000001,79
Stegosaurus_ungulatus,91.30000000000001,79
Hypsirophus_discurus,86.1,79
Kentrosaurus_aethiopicus,97.5,79
Agilisaurus_louderbacki,104.30000000000001,91.30000000000001
Hexinlusaurus_multidens,104.30000000000001,91.30000000000001
Xiaosaurus_dashanpensis,104.30000000000001,91.30000000000001
Gongbusaurus_wucaiwanensis,100.1,91.30000000000001
Gongbusaurus_shiyii,102.30000000000001,97.5
Laquintasaura_venezuelae,135.3,133.3
Sanxiasaurus_modaoxiensis,116.69999999999999,104.30000000000001
Yandusaurus_hongheensis,104.30000000000001,102.30000000000001
Kulindapteryx_ukureica,101.69999999999999,79
Haya_griva,20.299999999999997,4.599999999999994
Notohypsilophodon_comodorensis,33.599999999999994,23.299999999999997
Pisanosaurus_mertii,171,162
Fruitadens_haagarorum,86.1,79
Heterodontosaurus_tucki,135.3,124.80000000000001
Abrictosaurus_consors,135.3,124.80000000000001
Lycorhinus_angustidens,135.3,124.80000000000001
Echinodon_becklesii,79,74.19999999999999
Manidens_condorensis,116,109.6
Pegomastax_africanus,135.3,124.80000000000001
Lesothosaurus_diagnosticus,135.3,124.80000000000001
Krzyzanowskisaurus_hunti,171,142.5
Ferganocephale_adenticulatum,100.1,97.5
Eoraptor_lunensis,171,162
Guaibasaurus_candelariensis,162,142.5
Agnosphitys_cromhallensis,142.5,135.3
Asylosaurus_yalensis,142.5,135.3
Meroktenos_thabanensis,162,135.3
Camelotia_borealis,142.5,135.3
Xingxiulong_chengi,135.3,133.3
Yunnanosaurus_robustus,133.3,124.80000000000001
Yunnanosaurus_huangi,135.3,124.80000000000001
Yunnanosaurus_youngi,124.80000000000001,116.69999999999999
Mussaurus_patagonicus,133.3,124.80000000000001
Irisosaurus_yimenensis,124.80000000000001,116.69999999999999
Seitaad_ruessi,124.80000000000001,108.1
Schleitheimia_schutzi,162,142.5
Leonerasaurus_taquetrensis,123.6,117
Yizhousaurus_sunae,133.3,124.80000000000001
Blikanasaurus_cromptoni,162,135.3
Aardonyx_celestae,135.3,124.80000000000001
Ledumahadi_mafube,135.3,124.80000000000001
Sefapanosaurus_zastronensis,162,133.3
Melanorosaurus_readi,162,135.3
Ingentia_prima,162,142.5
Antetonitrus_ingenipes,135.3,124.80000000000001
Lessemsaurus_sauropoides,162,142.5
Ohmdenosaurus_liasicus,116,109.6
Microdontosaurus_dayensis,108.1,97.5
Tazoudasaurus_naimi,124.80000000000001,108.1
Volkheimeria_chubutensis,116,109.6
Patagosaurus_fariasi,116,109.6
Spinophorosaurus_nigerensis,104.30000000000001,100.1
Barapasaurus_tagorei,133.3,116.69999999999999
Amygdalodon_patagonicus,124.80000000000001,116
Cetiosaurus_oxoniensis,105.6,98.69999999999999
Haestasaurus_becklesii,79,66.9
Perijasaurus_lapaz,114.1,105.6
Dystrophaeus_viaemalae,95.19999999999999,89.69999999999999
Cardiodon_rugulosus,101.69999999999999,98.69999999999999
Yuanmousaurus_jiangyiensis,108.1,97.5
Wamweracaudia_keranjei,86.1,79
Eomamenchisaurus_yuanmouensis,108.1,97.5
Mamenchisaurus_youngi,102.30000000000001,97.5
Mamenchisaurus_sinocanadorum,97.5,91.30000000000001
Mamenchisaurus_jingyanensis,102.30000000000001,97.5
Mamenchisaurus_anyuensis,97.5,46.03
Mamenchisaurus_hochuanensis,102.30000000000001,79
Mamenchisaurus_constructus,97.5,79
Chuanjiesaurus_anaensis,104.30000000000001,102.30000000000001
Qijianglong_guokr,97.5,79
Abrosaurus_dongpoensis,104.30000000000001,91.30000000000001
Huangshanlong_anhuiensis,108.1,97.5
Anhuilong_diboensis,108.1,97.5
Hudiesaurus_sinojapanorum,89.69999999999999,79
Rhomaleopakhus_turpanensis,89.69999999999999,79
Xinjiangtitan_shanshanesis,102.30000000000001,79
Analong_chuanjieensis,104.30000000000001,102.30000000000001
Tonganosaurus_hei,135.3,108.1
Omeisaurus_fuxiensis,102.30000000000001,97.5
Omeisaurus_tianfuensis,104.30000000000001,91.30000000000001
Omeisaurus_maoianus,91.30000000000001,79
Omeisaurus_puxiani,102.30000000000001,97.5
Omeisaurus_junghsiensis,104.30000000000001,79
Omeisaurus_luoquanensis,97.5,91.30000000000001
Omeisaurus_jiaoi,104.30000000000001,91.30000000000001
Omeisaurus_changshouensis,102.30000000000001,97.5
Klamelisaurus_gobiensis,100.1,97.5
Cetiosauriscus_stewarti,98.69999999999999,95.19999999999999
Bagualia_alba,116,109.6
Shunosaurus_lii,104.30000000000001,91.30000000000001
Ferganasaurus_verzilini,100.1,97.5
Jobaria_tiguidensis,97.5,79
Amanzia_greppini,89.69999999999999,84.80000000000001
Chebsaurus_algeriensis,100.1,97.5
Protognathosaurus_oxyodon,104.30000000000001,91.30000000000001
Tendaguria_tanzaniensis,86.1,79
Mierasaurus_bobyoungi,79,66.9
Moabosaurus_utahensis,73.80000000000001,66.9
Turiasaurus_riodevensis,91.30000000000001,79
Zby_atlanticus,89.69999999999999,84.80000000000001
Losillasaurus_giganteus,91.30000000000001,79
Narindasaurus_thevenini,102.30000000000001,100.1
Janenschia_robusta,86.1,79
Datousaurus_bashanensis,104.30000000000001,91.30000000000001
Nebulasaurus_taito,108.1,102.30000000000001
Fusuisaurus_zhaoi,59,47
Huanghetitan_liujiaxiaensis,63.400000000000006,47
Astrophocaudia_slaughteri,46.03,43
Sibirotitan_astrosacralis,59,47
Chubutisaurus_insignis,56.459999999999994,43
Sauroposeidon_proteles,59,27.5
Tastavinsaurus_sanzi,59.45,56.459999999999994
Jiangshanosaurus_lixianensis,34.5,23.799999999999997
Abdarainurus_barsboldi,20.299999999999997,6.099999999999994
Angolatitan_adamastor,23.799999999999997,20.299999999999997
Yunmenglong_ruyangensis,59,34.5
Sonidosaurus_saihangaobiensis,17.5,4.599999999999994
Gannansaurus_sinensis,6.099999999999994,0
Dongbeititan_dongi,63.400000000000006,59
Padillasaurus_leivaensis,64,59.45
Triunfosaurus_leonardii,79,64
Tangvayosaurus_hoffeti,59,34.5
Ruyangosaurus_giganteus,59,34.5
Qiaowanlong_kangxii,59,47
Xianshanosaurus_shijiagouensis,59,34.5
Silutitan_sinensis,64,56.459999999999994
Daxiatitan_binglingi,63.400000000000006,47
Tambatitanis_amicitiae,46.03,43
Huabeisaurus_allocotus,34.5,6.099999999999994
Yongjinglong_datangi,63.400000000000006,47
Gobititan_shenzhouensis,46.03,43
Phuwiangosaurus_sirindhornae,64,59.45
Erketu_ellisoni,34.5,17.599999999999994
Euhelopus_zdanskyi,79,66.9
Ruixinia_zhangi,63.400000000000006,47
Ligabuesaurus_leanzai,46.03,43
Dzharatitanis_kingi,27.5,23.299999999999997
Malarguesaurus_florenciae,23.299999999999997,19.799999999999997
Ninjatitan_zapatai,79,66.9
Barrosasaurus_casamiquelai,27.5,4.599999999999994
Baalsaurus_mansillai,27.5,19.799999999999997
Mongolosaurus_haplodon,59,34.5
Sulaimanisaurus_gingerichi,4.599999999999994,0
Pakisaurus_balochistani,4.599999999999994,0
Khetranisaurus_barkhani,4.599999999999994,0
Gspsaurus_pakistani,4.599999999999994,0
Saraikimasoom_vitakri,4.599999999999994,0
Argyrosaurus_superbus,17.599999999999994,0
Hamititan_xinjiangensis,64,56.459999999999994
Andesaurus_delgadoi,33.599999999999994,27.5
Choconsaurus_baileywillisi,33.599999999999994,27.5
Mnyamawamtuka_moyowamkia,59,27.900000000000006
Rukwatitan_bisepultus,34.5,6.099999999999994
Dongyangosaurus_sinensis,34.5,23.799999999999997
Epachthosaurus_sciuttoi,33.599999999999994,23.299999999999997
Jainosaurus_septentrionalis,6.099999999999994,0
Paludititan_nalatzensis,4.599999999999994,0
Shingopana_songwensis,34.5,6.099999999999994
Vahiny_depereti,6.099999999999994,0
Normanniasaurus_genceyi,43,39.3
Magyarosaurus_dacus,4.599999999999994,0
Tengrisaurus_starkovi,64,47
Bonitasaura_salgadoi,20.299999999999997,4.599999999999994
Patagotitan_mayorum,47,34.5
Nemegtosaurus_mongoliensis,6.099999999999994,0
Opisthocoelicaudia_skarzynskii,6.099999999999994,0
Borealosaurus_wimani,39.3,33.599999999999994
Nicksaurus_razashahi,4.599999999999994,0
Yamanasaurus_lojaensis,4.599999999999994,0
Bonatitan_reigi,17.5,0
Saltasaurus_loricatus,4.599999999999994,0
Neuquensaurus_australis,23.299999999999997,0
Rocasaurus_muniozi,17.5,0
Abditosaurus_kuehnei,4.599999999999994,0
Alamosaurus_sanjuanensis,17.5,0
Ibirania_parva,19.799999999999997,4.599999999999994
Zhuchengtitan_zangjiazhuangensis,17.599999999999994,6.099999999999994
Tapuiasaurus_macedoi,59,47
Lohuecotitan_pandafilandi,17.5,0
Garrigatitan_meridionalis,17.5,4.599999999999994
Ampelosaurus_atacis,17.5,0
Lirainosaurus_astibiae,17.5,0
Atsinganosaurus_velauciensis,17.5,4.599999999999994
Mansourasaurus_shahinae,17.5,4.599999999999994
Sarmientosaurus_musacchioi,34.5,23.799999999999997
Savannasaurus_elliottorum,34.5,23.299999999999997
Australotitan_cooperensis,33.599999999999994,23.299999999999997
Diamantinasaurus_matildae,33.599999999999994,23.299999999999997
Rapetosaurus_krausei,6.099999999999994,0
Isisaurus_colberti,6.099999999999994,0
Argentinosaurus_huinculensis,33.599999999999994,23.799999999999997
Notocolossus_gonzalezparejasi,23.299999999999997,17.5
Maxakalisaurus_topai,17.5,0
Muyelensaurus_pecheni,23.299999999999997,17.5
Bravasaurus_arrierosorum,17.599999999999994,0
Rinconsaurus_caudamirus,20.299999999999997,17.599999999999994
Punatitan_coughlini,17.599999999999994,0
Adamantisaurus_mezzalirai,17.5,0
Uberabatitan_ribeiroi,6.099999999999994,0
Overosaurus_paradasorum,20.299999999999997,17.599999999999994
Pitekunsaurus_macayai,17.5,4.599999999999994
Brasilotitan_nemophagus,17.5,0
Arrudatitan_maximus,17.5,0
Futalognkosaurus_dukei,27.5,19.799999999999997
Quetecsaurus_rusconii,27.5,23.299999999999997
Mendozasaurus_neguyelap,23.299999999999997,19.799999999999997
Austroposeidon_magnificus,17.5,0
Drusilasaura_deseadensis,33.599999999999994,23.299999999999997
Traukutitan_eocaudata,20.299999999999997,17.599999999999994
Puertasaurus_reuili,17.599999999999994,0
Panamericansaurus_schroederi,17.5,0
Gondwanatitan_faustoi,17.5,0
Caieiria_allocaudata,4.599999999999994,0
Aeolosaurus_rionegrinus,17.5,0
Aeolosaurus_colhuehuapensis,17.599999999999994,0
Baurutitan_britoi,6.099999999999994,0
Menucocelsior_arriagadai,17.5,0
Dreadnoughtus_schrani,17.599999999999994,0
Nullotitan_glaciaris,17.5,0
Antarctosaurus_wichmannianus,17.5,0
Volgatitan_simbirskiensis,70.4,64
Malawisaurus_dixeyi,59,47
Atacamatitan_chilensis,34.5,0
Elaltitan_lilloi,23.799999999999997,20.299999999999997
Quaesitosaurus_orientalis,17.5,4.599999999999994
Qingxiusaurus_youjiangensis,34.5,0
Paralititan_stromeri,33.599999999999994,27.5
Pellegrinisaurus_powelli,17.5,4.599999999999994
Kaijutitan_maui,23.299999999999997,19.799999999999997
Arackar_licanantay,17.599999999999994,0
Laplatasaurus_araukanicus,17.5,4.599999999999994
Narambuenatitan_palomoi,17.5,4.599999999999994
Aegyptosaurus_baharijensis,79,27.5
Maojandino_alami,4.599999999999994,0
Marisaurus_jeffi,4.599999999999994,0
Balochisaurus_malkani,4.599999999999994,0
Petrobrasaurus_puestohernandezi,23.299999999999997,17.5
Baotianmansaurus_henanensis,27.5,4.599999999999994
Karongasaurus_gittelmani,59,47
Titanosaurus_blanfordi,6.099999999999994,0
Liubangosaurus_hei,59,47
Wintonotitan_wattsi,34.5,23.299999999999997
Australodocus_bohetii,86.1,79
Europatitan_eastwoodi,64,56.459999999999994
Austrosaurus_mckillopi,39.3,33.599999999999994
Vouivria_damparisensis,95.19999999999999,89.69999999999999
Abydosaurus_mcintoshi,33.599999999999994,27.5
Soriatitan_golmayensis,70.4,59.45
Sonorasaurus_thompsoni,39.3,27.5
Brachiosaurus_altithorax,91.30000000000001,79
Giraffatitan_brancai,97.5,79
Cedarosaurus_weiskopfae,73.80000000000001,43
Lusotitan_atalaiensis,89.69999999999999,79
Galvesaurus_herreroi,89.69999999999999,79
Venenosaurus_dicrocei,59,47
Fushanosaurus_qitaiensis,97.5,91.30000000000001
Ornithopsis_hulkei,70.4,56.459999999999994
Liaoningotitan_sinensis,64,56.459999999999994
Duriatitan_humerocristatus,91.30000000000001,73.80000000000001
Pelorosaurus_conybeari,74.19999999999999,64
Oceanotitan_dantasi,89.69999999999999,84.80000000000001
Fukuititan_nipponensis,59,47
Dashanpusaurus_dongi,104.30000000000001,91.30000000000001
Daanosaurus_zhangi,91.30000000000001,79
Aragosaurus_ischiaticus,91.30000000000001,79
Atlasaurus_imelakei,102.30000000000001,100.1
Lourinhasaurus_alenquerensis,89.69999999999999,79
Camarasaurus_lentus,91.30000000000001,79
Morosaurus_marchei,89.69999999999999,84.80000000000001
Camarasaurus_lewisi,91.30000000000001,86.1
Camarasaurus_supremus,91.30000000000001,79
Camarasaurus_grandis,91.30000000000001,79
Europasaurus_holgeri,89.69999999999999,84.80000000000001
Tehuelchesaurus_benitezii,95.19999999999999,79
Yuzhoulong_qurenensis,102.30000000000001,97.5
Archaeodontosaurus_descouensi,102.30000000000001,100.1
Haplocanthosaurus_priscus,89.69999999999999,79
Haplocanthosaurus_delfsi,89.69999999999999,79
Brontosaurus_parvus,91.30000000000001,79
Brontosaurus_excelsus,91.30000000000001,79
Brontosaurus_yahnahpin,91.30000000000001,79
Apatosaurus_louisae,91.30000000000001,79
Apatosaurus_ajax,91.30000000000001,79
Leinkupal_laticauda,79,66.9
Tornieria_africana,89.69999999999999,79
Diplodocus_hallorum,91.30000000000001,79
Diplodocus_carnegii,91.30000000000001,79
Diplodocus_longus,91.30000000000001,79
Galeamopus_pabsti,91.30000000000001,79
Galeamopus_hayi,91.30000000000001,79
Dinheirosaurus_lourinhanensis,89.69999999999999,84.80000000000001
Supersaurus_vivianae,91.30000000000001,79
Barosaurus_lentus,91.30000000000001,79
Suuwassea_emilieae,89.69999999999999,84.80000000000001
Bajadasaurus_pronuspinax,79,66.9
Kaatedocus_siberi,91.30000000000001,86.1
Amargatitanis_macni,63.400000000000006,59
Pilmatueia_faundezi,73.80000000000001,66.9
Dyslocosaurus_polyonychius,91.30000000000001,79
Amargasaurus_cazaui,63.400000000000006,59
Brachytrachelopan_mesai,91.30000000000001,79
Dicraeosaurus_sattleri,89.69999999999999,79
Dicraeosaurus_hansemanni,97.5,79
Lingwulong_shenqi,114.1,102.30000000000001
Smitanosaurus_agilis,89.69999999999999,79
Limaysaurus_tessonei,34.5,23.799999999999997
Cathartesaura_anaerobica,33.599999999999994,23.799999999999997
Nopcsaspondylus_alarconensis,33.599999999999994,27.5
Tataouinea_hannibalis,47,34.5
Rebbachisaurus_garasbae,39.3,27.5
Nigersaurus_taqueti,59,34.5
Itapeuasaurus_cajapioensis,34.5,27.900000000000006
Demandasaurus_darwini,64,56.459999999999994
Lavocatisaurus_agrioensis,59,43
Maraapunisaurus_fragillimus,86.1,79
Histriasaurus_boscarollii,70.4,59.45
Amazonsaurus_maranhensis,56.459999999999994,39.3
Katepensaurus_goicoecheai,33.599999999999994,23.799999999999997
Comahuesaurus_windhauseni,56.459999999999994,43
Xenoposeidon_proneneukos,79,70.4
Zapalasaurus_bonapartei,64,56.459999999999994
Rayososaurus_agrioensis,33.599999999999994,27.5
Agustinia_ligabuei,47,34.5
Amphicoelias_altus,84.80000000000001,79
Amphicoelias_brontodiplodocus,95.19999999999999,84.80000000000001
Rhoetosaurus_brownei,95.19999999999999,89.69999999999999
Bellusaurus_sui,97.5,91.30000000000001
Lapparentosaurus_madagascariensis,101.69999999999999,98.69999999999999
Oplosaurus_armatus,73.80000000000001,59
Chinshakiangosaurus_chunghoensis,135.3,133.3
Lamplughsaura_dharmaramensis,135.3,124.80000000000001
Sanpasaurus_yaoi,116.69999999999999,108.1
Kotasaurus_yamanpalliensis,133.3,116.69999999999999
Isanosaurus_attavipachi,124.80000000000001,108.1
Damalasaurus_magnus,135.3,108.1
Pulanesaura_eocollum,135.3,124.80000000000001
Vulcanodon_karibaensis,133.3,116.69999999999999
Gongxianosaurus_shibeiensis,116.69999999999999,108.1
Jingshanosaurus_xinwaensis,135.3,133.3
Anchisaurus_polyzelus,135.3,124.80000000000001
Riojasaurus_incertus,162,142.5
Eucnemesaurus_fortis,162,135.3
Eucnemesaurus_entaxonis,162,135.3
Ngwevu_intloko,135.3,124.80000000000001
Pradhania_gracilis,135.3,124.80000000000001
Adeopapposaurus_mognai,135.3,108.1
Sarahsaurus_aurifontanalis,133.3,116.69999999999999
Glacialisaurus_hammeri,133.3,116.69999999999999
Lufengosaurus_magnus,135.3,102.30000000000001
Lufengosaurus_huenei,135.3,124.80000000000001
Lufengosaurus_changduensis,135.3,108.1
Massospondylus_kaalae,135.3,124.80000000000001
Massospondylus_carinatus,135.3,108.1
Coloradisaurus_brevis,162,142.5
Ignavusaurus_rachelis,135.3,124.80000000000001
Leyesaurus_marayensis,135.3,108.1
Mbiresaurus_raathi,171,162
Efraasia_minor,162,142.5
Gresslyosaurus_plieningeri,162,142.5
Gresslyosaurus_ingens,146,139.6
Actiosaurus_gaudryi,142.5,135.3
Gyposaurus_sinensis,135.3,108.1
Yimenosaurus_youngi,135.3,133.3
Bagualosaurus_agudoensis,171,142.5
Buriolestes_schultzi,171,162
Kholumolumo_ellenbergerorum,162,135.3
Macrocollum_itaquii,162,142.5
Jaklapallisaurus_asymmetrica,162,135.3
Nambalia_roychowdhurii,162,142.5
Thecodontosaurus_minimus,135.3,124.80000000000001
Thecodontosaurus_antiquus,142.5,135.3
Arcusaurus_pereirabdalorum,135.3,124.80000000000001
Pantydraco_caducus,142.5,135.3
Unaysaurus_tolentinoi,162,142.5
Xixiposaurus_suni,135.3,124.80000000000001
Plateosaurus_elizae,142.5,135.3
Plateosaurus_erlenbergiensis,162,135.3
Plateosaurus_engelhardti,162,142.5
Plateosaurus_gracilis,162,142.5
Plateosauravus_cullingworthi,162,135.3
Issi_saaneq,162,142.5
Ruehleia_bedheimensis,162,142.5
Saturnalia_tupiniquim,171,142.5
Chromogisaurus_novasi,171,162
Panphagia_protos,171,162
Pampadromaeus_barberenai,171,142.5
Erythrovenator_jacuiensis,171,162
Eodromaeus_murphi,171,162
Jialingpus_yuechiensis,97.5,79
Himeoolithus_murakamii,46.03,43
Yaverlandia_bitholus,70.4,59.45
Salfitichnus_mentoor,4.599999999999994,0
Fenestrosaurus_philoceratops,17.5,4.599999999999994
Sinosaurus_triassicus,135.3,124.80000000000001
Protoavis_texensis,162,142.5
Subtiliolithus_hyogoensis,46.03,43
Staurikosaurus_pricei,171,142.5
Sanjuansaurus_gordilloi,171,162
Gnathovorax_cabreirai,166,155.5
Caseosaurus_crosbyensis,171,142.5
Herrerasaurus_ischigualastensis,171,162
Ornithoides_oshiensis,17.5,4.599999999999994
Dilophosaurus_sinensis,135.3,124.80000000000001
Dilophosaurus_wetherilli,135.3,116.69999999999999
Chindesaurus_bryansmalli,162,142.5
Shuangbaisaurus_anlongbaoensis,135.3,133.3
Tachiraptor_admirabilis,135.3,133.3
Dracoraptor_hanigani,135.3,133.3
Syntarsus_kayentakatae,135.3,116.69999999999999
Lophostropheus_airelensis,142.5,133.3
Lucianovenator_bonoi,162,142.5
Lepidus_praecisio,171,135.3
Segisaurus_halli,124.80000000000001,108.1
Camposaurus_arizonensis,162,142.5
Podokesaurus_holyokensis,135.3,124.80000000000001
Coelophysis_bauri,162,135.3
Powellvenator_podocitus,162,142.5
Panguraptor_lufengensis,135.3,133.3
Megapnosaurus_rhodesiensis,171,124.80000000000001
Procompsognathus_triassicus,149.56,146
Pendraig_milnerae,142.5,135.3
Gojirasaurus_quayi,162,142.5
Sarcosaurus_woodi,135.3,123.6
Dracovenator_regenti,135.3,124.80000000000001
Velocipes_guerichi,162,142.5
Zupaysaurus_rougieri,162,142.5
Liliensternus_liliensterni,162,142.5
Saltriovenator_zanellai,130.5,123.6
Ceratosaurus_nasicornis,91.30000000000001,79
Genyodectes_serus,47,34.5
Vitakrisaurus_saraiki,4.599999999999994,0
Vitakridrinda_sulaimani,4.599999999999994,0
Ligabueino_andesi,63.400000000000006,56.459999999999994
Laevisuchus_indicus,6.099999999999994,0
Austrocheirus_isasii,17.599999999999994,0
Huinculsaurus_montesi,33.599999999999994,23.799999999999997
Deltadromeus_agilis,33.599999999999994,27.5
Elaphrosaurus_bambergi,89.69999999999999,84.80000000000001
Limusaurus_inextricabilis,97.5,91.30000000000001
Berthasaura_leopoldinae,27.900000000000006,6.099999999999994
Masiakasaurus_knopfleri,6.099999999999994,0
Noasaurus_leali,4.599999999999994,0
Velocisaurus_unicus,20.299999999999997,17.599999999999994
Vespersaurus_paranaensis,34.5,0
Eoabelisaurus_mefi,108.1,102.4
Indosuchus_raptorius,6.099999999999994,0
Kryptops_palaios,59,34.5
Lametasaurus_indicus,6.099999999999994,0
Kurupi_itaata,4.599999999999994,0
Spectrovenator_ragei,59,47
Xenotarsosaurus_bonapartei,33.599999999999994,23.299999999999997
Tralkasaurus_cuyi,33.599999999999994,23.299999999999997
Indosaurus_matleyi,6.099999999999994,0
Majungasaurus_crenatissimus,6.099999999999994,0
Arcovenator_escotae,17.5,4.599999999999994
Rajasaurus_narmadensis,6.099999999999994,0
Genusaurus_sisteronis,43,39.3
Dahalokely_tokana,27.900000000000006,23.799999999999997
Llukalkan_aliocranianus,20.299999999999997,17.599999999999994
Quilmesaurus_curriei,17.5,0
Viavenator_exxoni,20.299999999999997,17.599999999999994
Pycnonemosaurus_nevesi,34.5,0
Abelisaurus_comahuensis,17.5,4.599999999999994
Aucasaurus_garridoi,17.5,4.599999999999994
Niebla_antiqua,17.5,0
Carnotaurus_sastrei,6.099999999999994,0
Guemesia_ochoai,17.5,0
Thanos_simonattoi,20.299999999999997,6.099999999999994
Skorpiovenator_bustingorryi,33.599999999999994,23.799999999999997
Ilokelesia_aguadagrandensis,33.599999999999994,23.799999999999997
Rahiolisaurus_gujaratensis,6.099999999999994,0
Ekrixinatosaurus_novasi,33.599999999999994,27.5
Tarascosaurus_salluvicus,17.5,4.599999999999994
Rugops_primus,33.599999999999994,27.5
Fosterovenator_churei,91.30000000000001,79
Chenanisaurus_barbaricus,4.599999999999994,0
Spinostropheus_gautieri,97.5,27.5
Berberosaurus_liassicus,124.80000000000001,108.1
Bahariasaurus_ingens,46.03,0
Shanyangosaurus_niupanggouensis,6.099999999999994,0
Gualicho_shinyae,33.599999999999994,23.299999999999997
Shidaisaurus_jinae,104.30000000000001,102.30000000000001
Yangchuanosaurus_shangyouensis,102.30000000000001,97.5
Yangchuanosaurus_zigongensis,104.30000000000001,91.30000000000001
Metriacanthosaurus_parkeri,95.19999999999999,89.69999999999999
Siamotyrannus_isanensis,64,59.45
Sinraptor_hepingensis,102.30000000000001,97.5
Sinraptor_dongi,97.5,91.30000000000001
Erectopus_superbus,64,34.5
Erectopus_sauvagei,33.599999999999994,27.5
Chilantaisaurus_tashuikouensis,27.900000000000006,23.799999999999997
Chilantaisaurus_zheziangensis,20.299999999999997,17.599999999999994
Rapator_ornitholestoides,33.599999999999994,27.5
Fukuiraptor_kitadaniensis,70.4,47
Neovenator_salerii,64,59.45
Siamraptor_suwati,59,47
Ulughbegsaurus_uzbekistanensis,27.5,23.299999999999997
Lusovenator_santosi,89.69999999999999,79
Datanglong_guangxiensis,59,47
Acrocanthosaurus_atokensis,59,27.5
Saurophaganax_maximus,89.69999999999999,79
Allosaurus_lucasi,86.1,79
Allosaurus_jimmadseni,95.19999999999999,79
Allosaurus_europaeus,89.69999999999999,79
Allosaurus_fragilis,91.30000000000001,79
Monolophosaurus_jiangi,100.1,97.5
Asfaltovenator_vialidadi,114.1,102.4
Shaochilong_maortuensis,27.900000000000006,23.799999999999997
Mapusaurus_roseae,33.599999999999994,23.799999999999997
Carcharodontosaurus_saharicus,79,27.5
Carcharodontosaurus_iguidensis,33.599999999999994,27.5
Taurovenator_violantei,33.599999999999994,23.299999999999997
Unquillosaurus_ceibalii,17.599999999999994,6.099999999999994
Eocarcharia_dinops,59,34.5
Kelmayisaurus_petrolicus,56.459999999999994,34.5
Tyrannotitan_chubutensis,47,34.5
Meraxes_gigas,33.599999999999994,23.799999999999997
Veterupristisaurus_milneri,89.69999999999999,84.80000000000001
Concavenator_corcovatus,64,59.45
Giganotosaurus_carolinii,33.599999999999994,23.799999999999997
Lajasvenator_ascheriae,73.80000000000001,66.9
Becklespinax_altispinax,79,66.9
Kaijiangosaurus_lini,104.30000000000001,102.30000000000001
Sciurumimus_albersdoerferi,89.69999999999999,84.80000000000001
Streptospondylus_altdorfensis,98.69999999999999,89.69999999999999
Condorraptor_currumili,114.1,102.4
Piatnitzkysaurus_floresi,116,109.6
Marshosaurus_bicentesimus,91.30000000000001,79
Xuanhanosaurus_qilixiaensis,104.30000000000001,102.30000000000001
Irritator_challengeri,56.459999999999994,46.03
Ichthyovenator_laosensis,59,47
Spinosaurus_aegyptiacus,56.459999999999994,27.5
Angaturama_limai,56.459999999999994,46.03
Camarillasaurus_cirugedae,64,59.45
Vallibonavenatrix_cani,64,59.45
Suchomimus_tenerensis,59,34.5
Riparovenator_milnerae,63.400000000000006,59
Ceratosuchops_inferodios,63.400000000000006,59
Baryonyx_walkeri,79,59.45
Iberospinus_natarioi,64,59.45
Eustreptospondylus_oxoniensis,98.69999999999999,95.19999999999999
Magnosaurus_nethercombensis,105.6,102.4
Dubreuillosaurus_valesdunensis,101.69999999999999,98.69999999999999
Piveteausaurus_divesensis,98.69999999999999,95.19999999999999
Afrovenator_abakensis,97.5,79
Poekilopleuron_bucklandii,101.69999999999999,98.69999999999999
Leshansaurus_qianweiensis,102.30000000000001,97.5
Wiehenvenator_albati,98.69999999999999,95.19999999999999
Megalosaurus_dapukaensis,108.1,97.5
Megalosaurus_tibetensis,135.3,108.1
Megalosaurus_bucklandii,104.30000000000001,56.459999999999994
Torvosaurus_gurneyi,89.69999999999999,79
Torvosaurus_tanneri,91.30000000000001,79
Duriavenator_hesperis,105.6,101.69999999999999
Gasosaurus_constructus,104.30000000000001,91.30000000000001
Chuandongocoelurus_primitivus,104.30000000000001,91.30000000000001
Yunyangosaurus_puanensis,116.69999999999999,104.30000000000001
Cryolophosaurus_ellioti,133.3,116.69999999999999
Kayentavenator_elysiae,133.3,116.69999999999999
Cruxicheiros_newmanorum,101.69999999999999,98.69999999999999
Juravenator_starki,89.69999999999999,84.80000000000001
Xiyunykus_pengi,63.400000000000006,47
Shishugounykus_inexpectus,97.5,91.30000000000001
Haplocheirus_sollers,97.5,91.30000000000001
Bannykus_wulatensis,59,47
Zuolong_salleei,97.5,91.30000000000001
Aorun_zhaoi,100.1,97.5
Coelurus_fragilis,91.30000000000001,79
Tanycolagreus_topwilsoni,91.30000000000001,79
Bagaraatan_ostromi,6.099999999999994,0
Juratyrant_langhami,84.80000000000001,79
Aoniraptor_libertatem,33.599999999999994,23.299999999999997
Siats_meekerorum,33.599999999999994,27.5
Phuwiangvenator_yaemniyomi,64,59.45
Murusraptor_barrosaensis,23.799999999999997,20.299999999999997
Maip_macrothorax,17.5,0
Tratayenia_rosalesi,20.299999999999997,17.599999999999994
Megaraptor_namunhuaiquii,27.5,19.799999999999997
Aerosteon_riocoloradensis,17.5,4.599999999999994
Australovenator_wintonensis,56.459999999999994,23.299999999999997
Orkoraptor_burkei,17.599999999999994,0
Vayuraptor_nongbualamphuensis,64,59.45
Labocania_anomala,20.299999999999997,4.599999999999994
Stokesosaurus_clevelandi,91.30000000000001,79
Timimus_hermani,46.03,43
Raptorex_kriegsteini,63.400000000000006,0
Timurlengia_euotica,27.5,23.299999999999997
Alectrosaurus_olseni,34.5,4.599999999999994
Teihivenator_macropus,6.099999999999994,0
Appalachiosaurus_montgomeriensis,17.5,0
Aviatyrannis_jurassica,91.30000000000001,86.1
Dryptosaurus_aquilunguis,17.5,0
Albertosaurus_sarcophagus,17.599999999999994,0
Alioramus_altai,6.099999999999994,0
Alioramus_remotus,6.099999999999994,0
Alioramus_sinensis,6.099999999999994,0
Thanatotheristes_degrootorum,17.5,4.599999999999994
Daspletosaurus_horneri,17.599999999999994,4.599999999999994
Daspletosaurus_torosus,17.599999999999994,4.599999999999994
Nanuqsaurus_hoglundi,4.599999999999994,0
Teratophoneus_curriei,17.5,4.599999999999994
Tyrannosaurus_rex,17.5,0
Zhuchengtyrannus_magnus,17.599999999999994,6.099999999999994
Dynamoterror_dynastes,17.5,4.599999999999994
Nanotyrannus_lancensis,6.099999999999994,0
Lythronax_argestes,17.5,4.599999999999994
Gorgosaurus_libratus,17.599999999999994,4.599999999999994
Yezosaurus_mikasaensis,19.799999999999997,17.5
Tarbosaurus_bataar,23.799999999999997,0
Moros_intrepidus,33.599999999999994,27.5
Suskityrannus_hazelae,27.5,23.299999999999997
Eotyrannus_lengi,70.4,59.45
Jinbeisaurus_wangi,34.5,6.099999999999994
Bistahieversor_sealeyi,17.5,4.599999999999994
Dilong_paradoxus,64,56.459999999999994
Proceratosaurus_bradleyi,101.69999999999999,98.69999999999999
Yutyrannus_huali,63.400000000000006,47
Sinotyrannus_kazuoensis,59,47
Kileskus_aristotocus,102.30000000000001,100.1
Guanlong_wucaii,97.5,91.30000000000001
Xiongguanlong_baimoensis,59,47
Santanaraptor_placidus,56.459999999999994,46.03
Brasileosaurus_pachecoi,17.5,0
Nedcolbertia_justinhoffmanni,73.80000000000001,66.9
Sinosauropteryx_prima,64,56.459999999999994
Xinjiangovenator_parvus,56.459999999999994,34.5
Trisauropodiscus_superavipes,135.3,124.80000000000001
Lourinhanosaurus_antunesi,89.69999999999999,79
Aratasaurus_museunacionali,46.03,43
Patagonykus_puertai,27.5,19.799999999999997
Bonapartenykus_ultimus,17.5,0
Alvarezsaurus_calvoi,20.299999999999997,17.599999999999994
Elopteryx_nopcsai,4.599999999999994,0
Qiupanykus_zhangi,4.599999999999994,0
Trierarchuncus_prairiensis,4.599999999999994,0
Achillesaurus_manazzonei,20.299999999999997,17.599999999999994
Ceratonykus_oculatus,17.5,4.599999999999994
Albinykus_baatar,20.299999999999997,6.099999999999994
Xixianykus_zhangi,23.299999999999997,17.599999999999994
Linhenykus_monodactylus,17.599999999999994,6.099999999999994
Ondogurvel_alifanovi,17.5,4.599999999999994
Khulsanurus_magnificus,17.5,4.599999999999994
Shuvuuia_deserti,17.599999999999994,4.599999999999994
Parvicursor_remotus,17.5,4.599999999999994
Albertonykus_borealis,4.599999999999994,0
Mononykus_olecranus,6.099999999999994,0
Nemegtonykus_citus,6.099999999999994,0
Alnashetri_cerropoliciensis,33.599999999999994,27.5
Kol_ghuva,17.599999999999994,6.099999999999994
Protarchaeopteryx_robusta,64,56.459999999999994
Gobiraptor_minutus,6.099999999999994,0
Nankangia_jiangxiensis,6.099999999999994,0
Oviraptor_philoceratops,17.5,4.599999999999994
Conchoraptor_gracilis,17.5,4.599999999999994
Shixinggia_oblita,6.099999999999994,0
Khaan_mckennai,17.599999999999994,6.099999999999994
Banji_long,6.099999999999994,0
Nemegtomaia_barsboldi,17.5,0
Machairasaurus_leptonychus,17.599999999999994,6.099999999999994
Ganzhousaurus_nankangensis,6.099999999999994,0
Oksoko_avarsan,6.099999999999994,0
Heyuannia_huangi,6.099999999999994,0
Heyuannia_yanshini,17.5,4.599999999999994
Jiangxisaurus_ganzhouensis,6.099999999999994,0
Yulong_mini,4.599999999999994,0
Huanansaurus_ganzhouensis,6.099999999999994,0
Rinchenia_mongoliensis,6.099999999999994,0
Corythoraptor_jacobsi,6.099999999999994,0
Wulatelong_gobiensis,17.599999999999994,6.099999999999994
Tongtianlong_limosus,6.099999999999994,0
Citipati_osmolskae,17.599999999999994,6.099999999999994
Luoyanggia_liudianensis,34.5,23.799999999999997
Ningyuansaurus_wangi,63.400000000000006,47
Similicaudipteryx_yixianensis,59,47
Xingtianosaurus_ganqi,64,56.459999999999994
Caudipteryx_zoui,64,56.459999999999994
Caudipteryx_dongi,64,59.45
Incisivosaurus_gauthieri,64,59.45
Avimimus_portentosus,17.5,0
Avimimus_nemegtensis,4.599999999999994,0
Beibeilong_sinensis,34.5,23.799999999999997
Gigantoraptor_erlianensis,17.5,4.599999999999994
Anomalipes_zhaoi,17.599999999999994,6.099999999999994
Anzu_wyliei,4.599999999999994,0
Apatoraptor_pennatus,4.599999999999994,0
Hagryphus_giganteus,17.5,4.599999999999994
Citipes_elegans,17.5,0
Epichirostenotes_curriei,17.5,4.599999999999994
Elmisaurus_rarus,6.099999999999994,0
Caenagnathasia_martinsoni,27.5,23.299999999999997
Caenagnathus_collinsi,17.5,4.599999999999994
Ojoraptorsaurus_boerei,4.599999999999994,0
Microvenator_celer,59,27.5
Chirostenotes_pergracilis,17.5,4.599999999999994
Leptorhynchos_gaddisi,17.5,4.599999999999994
Leptorhynchos_elegans,17.5,4.599999999999994
Eosinopteryx_brevipenna,101.69999999999999,84.80000000000001
Overoraptor_chimentoi,33.599999999999994,23.299999999999997
Paronychodon_asiaticus,33.599999999999994,23.299999999999997
Zhongornis_haoae,59.45,56.459999999999994
Gobivenator_mongoliensis,17.599999999999994,6.099999999999994
Sinusonasus_magnodens,64,59.45
Anchiornis_huxleyi,101.69999999999999,84.80000000000001
Jinfengopteryx_elegans,63.400000000000006,59
Tamarro_insperatus,4.599999999999994,0
Liaoningvenator_curriei,59.45,56.459999999999994
Philovenator_curriei,17.599999999999994,6.099999999999994
Almas_ukhaa,17.599999999999994,6.099999999999994
Archaeornithoides_deinosauriscus,17.5,4.599999999999994
Xixiasaurus_henanensis,23.799999999999997,6.099999999999994
Geminiraptor_suarezarum,73.80000000000001,66.9
Tochisaurus_nemegtensis,6.099999999999994,0
Hesperornithoides_miessleri,91.30000000000001,79
Daliansaurus_liaoningensis,59.45,56.459999999999994
Pectinodon_bakkeri,4.599999999999994,0
Papiliovenator_neimengguensis,17.599999999999994,6.099999999999994
Sinovenator_changii,64,56.459999999999994
Jianianhualong_tengi,64,59.45
Mei_long,64,59.45
Xiaotingia_zhengi,101.69999999999999,84.80000000000001
Urbacodon_itemirensis,34.5,27.900000000000006
Talos_sampsoni,17.5,4.599999999999994
Latenivenatrix_mcmasterae,17.5,4.599999999999994
Sinornithoides_youngi,73.80000000000001,34.5
Saurornithoides_mongoliensis,17.599999999999994,0
Borogovia_gracilicrus,6.099999999999994,0
Byronosaurus_jaffei,17.599999999999994,6.099999999999994
Troodon_formosus,17.599999999999994,0
Zanabazar_junior,6.099999999999994,0
Linhevenator_tani,17.599999999999994,6.099999999999994
Stenonychosaurus_inequalis,17.5,0
Pamparaptor_micros,27.5,19.799999999999997
Saurornitholestes_sullivani,17.5,4.599999999999994
Saurornitholestes_langstoni,17.5,0
Saurornitholestes_robustus,17.5,4.599999999999994
Atrociraptor_marshalli,17.5,0
Dromaeosaurus_explanatus,33.599999999999994,27.5
Dromaeosaurus_albertensis,43,0
Boreonykus_certekorum,17.5,4.599999999999994
Itemirus_medullaris,27.5,23.299999999999997
Yurgovuchia_doellingi,79,66.9
Dakotaraptor_steini,4.599999999999994,0
Utahraptor_ostrommaysi,73.80000000000001,66.9
Kansaignathus_sogdianus,19.799999999999997,17.5
Acheroraptor_temertyorum,4.599999999999994,0
Tsaagan_mangas,17.5,4.599999999999994
Dineobellator_notohesperus,4.599999999999994,0
Velociraptor_mongoliensis,34.5,0
Velociraptor_osmolskae,17.599999999999994,6.099999999999994
Linheraptor_exquisitus,17.599999999999994,6.099999999999994
Achillobator_giganticus,34.5,17.599999999999994
Adasaurus_mongoliensis,6.099999999999994,0
Vectiraptor_greeni,63.400000000000006,59
Halszkaraptor_escuilliei,17.599999999999994,6.099999999999994
Mahakala_omnogovae,17.5,4.599999999999994
Hulsanpes_perlei,17.5,4.599999999999994
Balaur_bondoc,4.599999999999994,0
Richardoestesia_gilmorei,89.69999999999999,0
Richardoestesia_isosceles,33.599999999999994,0
Richardoestesia_asiatica,33.599999999999994,23.299999999999997
Asiamericana_asiatica,27.5,23.299999999999997
Shri_devi,17.5,4.599999999999994
Variraptor_mechinorum,17.5,0
Austroraptor_cabazai,17.5,0
Ypupiara_lopai,4.599999999999994,0
Unenlagia_paynemili,27.5,19.799999999999997
Unenlagia_comahuensis,27.5,19.799999999999997
Neuquenraptor_argentinus,27.5,19.799999999999997
Buitreraptor_gonzalezorum,33.599999999999994,27.5
Rahonavis_ostromi,6.099999999999994,0
Imperobator_antarcticus,4.599999999999994,0
Zhenyuanlong_suni,63.400000000000006,47
Nuthetes_destructor,79,74.19999999999999
Kuru_kulla,17.5,4.599999999999994
Bambiraptor_feinbergi,17.599999999999994,6.099999999999994
Dromaeosauroides_bornholmensis,79,74.19999999999999
Wulong_bohaiensis,59,47
Shanag_ashile,79,34.5
Changyuraptor_yangi,64,56.459999999999994
Microraptor_gui,59,47
Microraptor_hanqingi,59,47
Microraptor_zhaoianus,59.45,47
Graciliraptor_lujiatunensis,64,59.45
Zhongjianosaurus_yangi,59,47
Sinornithosaurus_millenii,64,56.459999999999994
Hesperonychus_elizabethae,17.5,4.599999999999994
Luanchuanraptor_henanensis,4.599999999999994,0
Tianyuraptor_ostromi,63.400000000000006,59
Deinonychus_antirrhopus,59,27.5
Pyroraptor_olympius,17.5,0
Epidexipteryx_hui,98.69999999999999,95.19999999999999
Epidendrosaurus_ningchengensis,98.69999999999999,95.19999999999999
Pedopenna_daohugouensis,98.69999999999999,95.19999999999999
Caihong_juji,97.5,91.30000000000001
Pneumatoraptor_fodori,20.299999999999997,17.599999999999994
Serikornis_sungei,97.5,91.30000000000001
Yixianosaurus_longimanus,64,56.459999999999994
Yi_qi,100.1,91.30000000000001
Scansoriopteryx_heilmanni,63.400000000000006,59
Ambopteryx_longibrachium,97.5,79
Aurornis_xui,101.69999999999999,84.80000000000001
Archaeopteryx_lithographica,84.80000000000001,79
Archaeopteryx_albersdoerferi,84.80000000000001,79
Jurapteryx_recurva,84.80000000000001,79
Kompsornis_longicaudus,59,47
Fukuipteryx_prima,59,47
Dalianraptor_cuhe,59,47
Alcmonavis_poeschli,84.80000000000001,79
Tugulusaurus_faciles,56.459999999999994,34.5
Erlikosaurus_andrewsi,34.5,17.599999999999994
Lingyuanosaurus_sihedangensis,59,47
Jianchangosaurus_yixianensis,59.45,56.459999999999994
Saurexallopus_zerbsti,4.599999999999994,0
Martharaptor_greenriverensis,73.80000000000001,66.9
Therizinosaurus_cheloniformis,6.099999999999994,0
Erliansaurus_bellamanus,17.5,4.599999999999994
Eshanosaurus_deguchiianus,135.3,133.3
Paralitherizinosaurus_japonicus,17.5,4.599999999999994
Nothronychus_graffami,27.5,23.299999999999997
Nothronychus_mckinleyi,27.5,23.299999999999997
Neimongosaurus_yangi,17.5,4.599999999999994
Suzhousaurus_megatherioides,59,43
Segnosaurus_galbinensis,34.5,17.599999999999994
Tiantaisaurus_sifengensis,39.3,33.599999999999994
Enigmosaurus_mongoliensis,34.5,17.599999999999994
Nanshiungosaurus_bohlini,46.03,43
Nanshiungosaurus_brevispinus,6.099999999999994,0
Beipiaosaurus_inexpectus,64,56.459999999999994
Alxasaurus_elesitaiensis,59,47
Falcarius_utahensis,79,66.9
Fukuivenator_paradoxus,59,47
Garudimimus_brevipes,34.5,17.599999999999994
Paraxenisaurus_normalensis,17.5,4.599999999999994
Afromimus_tenerensis,47,34.5
Lepidocheirosaurus_natatilis,101.69999999999999,79
Beishanlong_grandis,59,47
Deinocheirus_mirificus,6.099999999999994,0
Shenzhousaurus_orientalis,64,56.459999999999994
Kinnareemimus_khonkaenensis,64,59.45
Harpymimus_okladnikovi,43,33.599999999999994
Pelecanimimus_polyodon,64,59.45
Nqwebasaurus_thwazi,79,66.9
Arkansaurus_fridayi,47,34.5
Hexing_qingyi,64,56.459999999999994
Sinornithomimus_dongi,27.900000000000006,23.799999999999997
Rativates_evadens,17.5,4.599999999999994
Struthiomimus_altus,17.599999999999994,4.599999999999994
Aepyornithomimus_tugrikinensis,17.5,4.599999999999994
Qiupalong_henanensis,4.599999999999994,0
Tototlmimus_packardensis,17.599999999999994,6.099999999999994
Ornithomimus_tenuis,17.5,4.599999999999994
Ornithomimus_minutus,4.599999999999994,0
Ornithomimus_velox,4.599999999999994,0
Ornithomimus_edmontonicus,17.5,0
Dromiceiomimus_brevitertius,4.599999999999994,0
Archaeornithomimus_asiaticus,23.799999999999997,4.599999999999994
Archaeornithomimus_bissektensis,27.5,23.299999999999997
Anserimimus_planinychus,6.099999999999994,0
Gallimimus_bullatus,6.099999999999994,0
Sinocalliopteryx_gigas,63.400000000000006,56.459999999999994
Compsognathus_longipes,91.30000000000001,79
Mirischia_asymmetrica,56.459999999999994,46.03
Aniksosaurus_darwini,34.5,23.799999999999997
Xunmenglong_yingliangis,66.9,63.400000000000006
Beipiaognathus_jii,64,56.459999999999994
Huaxiagnathus_orientalis,64,56.459999999999994
Scipionyx_samniticus,46.03,43
Ornitholestes_hermanni,91.30000000000001,79
Aristosuchus_pusillus,63.400000000000006,56.459999999999994
Ngexisaurus_dapukaensis,108.1,97.5
Bicentenaria_argentina,33.599999999999994,27.5
Vectaerovenator_inopinatus,56.459999999999994,46.03
Pandoravenator_fernandezorum,95.19999999999999,86.1
Notatesseraeraptor_frickensis,162,142.5
Daemonosaurus_chauliodus,142.5,135.3
Fuscinapedis_woodbinensis,33.599999999999994,27.5
Tawa_hallae,162,142.5
Ovoraptor_djadochtari,17.5,4.599999999999994
Alwalkeria_maleriensis,171,162
Thecospondylus_horneri,79,66.9
Nhandumirim_waldsangae,162,142.5
Nyasasaurus_parringtoni,181.2,176
